{
  "0": {
    "precision": 0.8305084745762712,
    "recall": 0.8305084745762712,
    "f1-score": 0.8305084745762712,
    "support": 59.0
  },
  "1": {
    "precision": 0.6153846153846154,
    "recall": 0.6153846153846154,
    "f1-score": 0.6153846153846154,
    "support": 26.0
  },
  "accuracy": 0.7647058823529411,
  "macro avg": {
    "precision": 0.7229465449804433,
    "recall": 0.7229465449804433,
    "f1-score": 0.7229465449804433,
    "support": 85.0
  },
  "weighted avg": {
    "precision": 0.7647058823529411,
    "recall": 0.7647058823529411,
    "f1-score": 0.7647058823529411,
    "support": 85.0
  }
}