{
  "0": {
    "precision": 0.8421052631578947,
    "recall": 0.9411764705882353,
    "f1-score": 0.8888888888888888,
    "support": 85.0
  },
  "1": {
    "precision": 0.4444444444444444,
    "recall": 0.21052631578947367,
    "f1-score": 0.2857142857142857,
    "support": 19.0
  },
  "accuracy": 0.8076923076923077,
  "macro avg": {
    "precision": 0.6432748538011696,
    "recall": 0.5758513931888545,
    "f1-score": 0.5873015873015872,
    "support": 104.0
  },
  "weighted avg": {
    "precision": 0.7694556905083221,
    "recall": 0.8076923076923077,
    "f1-score": 0.7786935286935287,
    "support": 104.0
  }
}