{
  "0": {
    "precision": 0.6052631578947368,
    "recall": 0.5609756097560976,
    "f1-score": 0.5822784810126582,
    "support": 41.0
  },
  "1": {
    "precision": 0.6170212765957447,
    "recall": 0.6590909090909091,
    "f1-score": 0.6373626373626373,
    "support": 44.0
  },
  "accuracy": 0.611764705882353,
  "macro avg": {
    "precision": 0.6111422172452408,
    "recall": 0.6100332594235034,
    "f1-score": 0.6098205591876478,
    "support": 85.0
  },
  "weighted avg": {
    "precision": 0.6113497134576115,
    "recall": 0.611764705882353,
    "f1-score": 0.6107926325350004,
    "support": 85.0
  }
}