{
  "0": {
    "precision": 0.627906976744186,
    "recall": 0.5625,
    "f1-score": 0.5934065934065934,
    "support": 48.0
  },
  "1": {
    "precision": 0.6666666666666666,
    "recall": 0.7241379310344828,
    "f1-score": 0.6942148760330579,
    "support": 58.0
  },
  "accuracy": 0.6509433962264151,
  "macro avg": {
    "precision": 0.6472868217054264,
    "recall": 0.6433189655172413,
    "f1-score": 0.6438107347198256,
    "support": 106.0
  },
  "weighted avg": {
    "precision": 0.6491151089659207,
    "recall": 0.6509433962264151,
    "f1-score": 0.6485658423908853,
    "support": 106.0
  }
}