{
  "0": {
    "precision": 0.7610062893081762,
    "recall": 0.8461538461538461,
    "f1-score": 0.8013245033112583,
    "support": 143.0
  },
  "1": {
    "precision": 0.56,
    "recall": 0.42424242424242425,
    "f1-score": 0.4827586206896552,
    "support": 66.0
  },
  "accuracy": 0.7129186602870813,
  "macro avg": {
    "precision": 0.6605031446540881,
    "recall": 0.6351981351981352,
    "f1-score": 0.6420415620004567,
    "support": 209.0
  },
  "weighted avg": {
    "precision": 0.6975306190003311,
    "recall": 0.7129186602870813,
    "f1-score": 0.7007247509044363,
    "support": 209.0
  }
}