{
  "0": {
    "precision": 0.7142857142857143,
    "recall": 0.8904109589041096,
    "f1-score": 0.7926829268292683,
    "support": 73.0
  },
  "1": {
    "precision": 0.4666666666666667,
    "recall": 0.21212121212121213,
    "f1-score": 0.2916666666666667,
    "support": 33.0
  },
  "accuracy": 0.6792452830188679,
  "macro avg": {
    "precision": 0.5904761904761905,
    "recall": 0.5512660855126609,
    "f1-score": 0.5421747967479675,
    "support": 106.0
  },
  "weighted avg": {
    "precision": 0.6371967654986523,
    "recall": 0.6792452830188679,
    "f1-score": 0.6367061665899678,
    "support": 106.0
  }
}