{
  "0": {
    "precision": 0.6666666666666666,
    "recall": 0.7169811320754716,
    "f1-score": 0.6909090909090909,
    "support": 53.0
  },
  "1": {
    "precision": 0.6808510638297872,
    "recall": 0.6274509803921569,
    "f1-score": 0.6530612244897959,
    "support": 51.0
  },
  "accuracy": 0.6730769230769231,
  "macro avg": {
    "precision": 0.6737588652482269,
    "recall": 0.6722160562338142,
    "f1-score": 0.6719851576994433,
    "support": 104.0
  },
  "weighted avg": {
    "precision": 0.6736224768139661,
    "recall": 0.6730769230769231,
    "f1-score": 0.6723490794919366,
    "support": 104.0
  }
}